method,galantamine_placebo,amisulpride_placebo,levodopa_placebo,biperdine_placebo,biperdine_galantamine,levodopa_amisulpride,global
RandomForest,0.662719298245614,0.679824561403509,0.649342105263158,0.698830409356725,0.581876456876457,0.583333333333333,0.328769559032717
KNN,0.637719298245614,0.652777777777778,0.558552631578947,0.684941520467836,0.618152680652681,0.403846153846154,0.27524893314367
SVM,0.662719298245614,0.679824561403509,0.6625,0.698830409356725,0.541812354312354,0.519230769230769,0.34228307254623
AdaBoost,0.662719298245614,0.679824561403509,0.6625,0.698830409356725,0.541812354312354,0.519230769230769,0.34228307254623
